{
  "hi": {
    "app_title": "🏛️ सरकारी नौकरी पोर्टल 2025",
    "app_subtitle": "India का Most Advanced Government Job Portal",
    "sidebar_btn": "सभी विभाग (3,247)",
    "pdf_btn": "PDF Export", 
    "print_btn": "Print",
    "download_btn": "Source Code",
    "excel_btn": "Excel Export",
    "refresh_btn": "Refresh",
    "bulk_btn": "Bulk Apply",
    "filters_title": "Smart Filters & Search",
    "qualification_label": "योग्यता:",
    "state_label": "राज्य:",
    "mode_label": "आवेदन मोड:",
    "category_label": "Category:",
    "urgency_label": "Urgency:",
    "search_label": "Search:",
    "clear_filters": "Clear All Filters",
    "save_filters": "Save Filters",
    "load_filters": "Load Saved",
    "dept_title": "सरकारी विभाग",
    "loading_jobs": "🔄 Loading latest government jobs...",
    "no_jobs_found": "😔 कोई नौकरी नहीं मिली",
    "try_different_filters": "अपने filter criteria को बदलकर try करें",
    "organization": "संस्था:",
    "qualification": "योग्यता:",
    "last_date": "अंतिम तिथि:",
    "salary": "वेतन:",
    "application_fee": "आवेदन शुल्क:",
    "mode": "आवेदन:",
    "location": "स्थान:",
    "status": "Status:",
    "apply_now": "Apply Now",
    "select": "Select",
    "selected": "Selected", 
    "share": "Share",
    "save": "Save",
    "days_left": "दिन बाकी",
    "urgent": "🔥 URGENT",
    "working": "✅ Working",
    "issue": "❌ Issue",
    "all_qualifications": "सभी योग्यता",
    "10th_pass": "10वीं पास",
    "12th_pass": "12वीं पास", 
    "graduate": "स्नातक",
    "postgraduate": "परास्नातक",
    "all_states": "सभी राज्य",
    "all_india": "All India",
    "bihar": "बिहार",
    "up": "उत्तर प्रदेश",
    "maharashtra": "महाराष्ट्र",
    "all_modes": "सभी मोड",
    "online": "Online",
    "offline": "Offline",
    "walkin": "Walk-in",
    "toast_job_selected": "✅ Job selected for export",
    "toast_job_removed": "❌ Job removed from selection",
    "toast_job_saved": "💾 Job saved successfully!",
    "toast_job_already_saved": "ℹ️ Job already saved!",
    "toast_copied_clipboard": "📋 Copied to clipboard!",
    "toast_pdf_exported": "📄 PDF exported successfully!",
    "toast_excel_exported": "📊 Excel file exported successfully!",
    "toast_print_opened": "🖨️ Print dialog opened!",
    "toast_source_downloaded": "📥 Complete source code downloaded!",
    "toast_data_refreshed": "🔄 Data refreshed successfully!",
    "toast_filters_cleared": "🔄 All filters cleared",
    "toast_filters_saved": "💾 Filters saved successfully!",
    "toast_filters_loaded": "📂 Saved filters loaded!",
    "toast_no_saved_filters": "ℹ️ No saved filters found",
    "toast_portal_loaded": "🚀 Portal loaded successfully!",
    "toast_portal_failed": "❌ Failed to load portal",
    "toast_internet_restored": "🌐 Internet connection restored",
    "toast_working_offline": "📵 Working offline",
    "toast_language_hindi": "🇮🇳 भाषा: हिंदी",
    "toast_theme_dark": "🌙 Dark theme enabled",
    "toast_theme_light": "☀️ Light theme enabled",
    "keyboard_shortcuts": {
      "search": "Ctrl+F - Search में focus करें",
      "print": "Ctrl+P - Jobs print करें", 
      "download": "Ctrl+D - Source code download करें",
      "refresh": "Ctrl+R - Data refresh करें",
      "save": "Ctrl+S - Filters save करें",
      "escape": "Esc - Sidebar बंद करें"
    }
  },
  "en": {
    "app_title": "🏛️ Government Job Portal 2025",
    "app_subtitle": "India's Most Advanced Government Job Portal",
    "sidebar_btn": "All Departments (3,247)",
    "pdf_btn": "PDF Export",
    "print_btn": "Print", 
    "download_btn": "Source Code",
    "excel_btn": "Excel Export",
    "refresh_btn": "Refresh",
    "bulk_btn": "Bulk Apply",
    "filters_title": "Smart Filters & Search",
    "qualification_label": "Qualification:",
    "state_label": "State:",
    "mode_label": "Application Mode:",
    "category_label": "Category:",
    "urgency_label": "Urgency:",
    "search_label": "Search:",
    "clear_filters": "Clear All Filters",
    "save_filters": "Save Filters",
    "load_filters": "Load Saved",
    "dept_title": "Government Departments",
    "loading_jobs": "🔄 Loading latest government jobs...",
    "no_jobs_found": "😔 No jobs found",
    "try_different_filters": "Try different filter criteria",
    "organization": "Organization:",
    "qualification": "Qualification:",
    "last_date": "Last Date:",
    "salary": "Salary:",
    "application_fee": "Application Fee:",
    "mode": "Mode:",
    "location": "Location:",
    "status": "Status:",
    "apply_now": "Apply Now",
    "select": "Select",
    "selected": "Selected",
    "share": "Share", 
    "save": "Save",
    "days_left": "days left",
    "urgent": "🔥 URGENT",
    "working": "✅ Working",
    "issue": "❌ Issue",
    "all_qualifications": "All Qualifications",
    "10th_pass": "10th Pass",
    "12th_pass": "12th Pass",
    "graduate": "Graduate",
    "postgraduate": "Post Graduate",
    "all_states": "All States",
    "all_india": "All India",
    "bihar": "Bihar",
    "up": "Uttar Pradesh", 
    "maharashtra": "Maharashtra",
    "all_modes": "All Modes",
    "online": "Online",
    "offline": "Offline",
    "walkin": "Walk-in",
    "toast_job_selected": "✅ Job selected for export",
    "toast_job_removed": "❌ Job removed from selection",
    "toast_job_saved": "💾 Job saved successfully!",
    "toast_job_already_saved": "ℹ️ Job already saved!",
    "toast_copied_clipboard": "📋 Copied to clipboard!",
    "toast_pdf_exported": "📄 PDF exported successfully!",
    "toast_excel_exported": "📊 Excel file exported successfully!",
    "toast_print_opened": "🖨️ Print dialog opened!",
    "toast_source_downloaded": "📥 Complete source code downloaded!",
    "toast_data_refreshed": "🔄 Data refreshed successfully!",
    "toast_filters_cleared": "🔄 All filters cleared",
    "toast_filters_saved": "💾 Filters saved successfully!",
    "toast_filters_loaded": "📂 Saved filters loaded!",
    "toast_no_saved_filters": "ℹ️ No saved filters found",
    "toast_portal_loaded": "🚀 Portal loaded successfully!",
    "toast_portal_failed": "❌ Failed to load portal",
    "toast_internet_restored": "🌐 Internet connection restored",
    "toast_working_offline": "📵 Working offline",
    "toast_language_english": "🇺🇸 Language: English",
    "toast_theme_dark": "🌙 Dark theme enabled",
    "toast_theme_light": "☀️ Light theme enabled",
    "keyboard_shortcuts": {
      "search": "Ctrl+F - Focus on search",
      "print": "Ctrl+P - Print jobs",
      "download": "Ctrl+D - Download source code", 
      "refresh": "Ctrl+R - Refresh data",
      "save": "Ctrl+S - Save filters",
      "escape": "Esc - Close sidebar"
    }
  }
}
